역이름,역지역,호선,위도,경도
낙성대역,수도권,02호선,37.4770896313732,126.963505817942
구룡역,수도권,분당선,37.48702743532,127.059474850454
서울대입구역,수도권,02호선,37.4812845008265,126.952695107942
불광역,수도권,03호선,37.6100441859992,126.930302239049
월롱역,수도권,경의선,37.7962037866501,126.792563197953
안국역,수도권,03호선,37.5764929103816,126.985419169939
부발역,수도권,경강선,37.2603924025665,127.490307974918
강변역,수도권,02호선,37.535118053119,127.094722999066
영등포구청역,수도권,02호선,37.5258305232222,126.896668349116
동대입구역,수도권,03호선,37.5590504141329,127.005296768227
잠실새내역,수도권,02호선,37.5116083485804,127.08630073432
당산역,수도권,02호선,37.5347735014069,126.902607283905
약수역,수도권,03호선,37.5544909839515,127.010887137982
충정로역,수도권,02호선,37.5597479688989,126.964484159441
녹번역,수도권,03호선,37.6008031568325,126.935814422277
종합운동장역,수도권,02호선,37.5111302556967,127.07383586044
합정역,수도권,02호선,37.549901442065,126.914447288631
금호역,수도권,03호선,37.548255518095,127.015820115311
홍대입구역,수도권,02호선,37.5568635281461,126.923764988566
홍제역,수도권,03호선,37.5887881726718,126.944158013369
옥수역,수도권,03호선,37.5415518643708,127.017380201215
압구정역,수도권,03호선,37.5264849726148,127.028486030642
삼성역,수도권,02호선,37.5088119293814,127.063020940329
신답역,수도권,02호선,37.5698350860798,127.04706653169
신사역,수도권,03호선,37.5164314730183,127.02029272549
가정중앙시장역,수도권,인천2호선,37.5175227396599,126.676805241489
선릉역,수도권,02호선,37.5044937750958,127.048948120105
신정네거리역,수도권,02호선,37.5202158982635,126.852876007423
지축역,수도권,03호선,37.648145025133,126.913836143165
구파발역,수도권,03호선,37.6364177567586,126.918834712255
연신내역,수도권,03호선,37.6191924317614,126.921096185129
무악재역,수도권,03호선,37.5825560184073,126.950230958933
독립문역,수도권,03호선,37.5744680801684,126.957911446269
경복궁역,수도권,03호선,37.5757880985498,126.973668718282
종로3가역,수도권,03호선,37.5704208439207,126.992144196794
을지로3가역,수도권,03호선,37.5662761796769,126.990967458779
동오역,수도권,의정부경전철,37.7452518938783,127.05698049092
역삼역,수도권,02호선,37.5006600052986,127.036460414211
강남역,수도권,02호선,37.4980854411503,127.027977657727
교대역,수도권,02호선,37.4927359601279,127.013863444681
방배역,수도권,02호선,37.4814561264392,126.997535255649
사당역,수도권,02호선,37.4765532208396,126.981549541445
봉천역,수도권,02호선,37.4824689098378,126.941682007426
신림역,수도권,02호선,37.4842644294274,126.929740854865
신대방역,수도권,02호선,37.487641446009,126.913500702287
구로디지털단지역,수도권,02호선,37.4852533671941,126.901473089504
신도림역,수도권,02호선,37.5089048744726,126.891307981962
문래역,수도권,02호선,37.5179720940164,126.894756202452
신촌역,수도권,02호선,37.5551954567089,126.936962654548
이대역,수도권,02호선,37.5568039038233,126.946422762684
아현역,수도권,02호선,37.5574025689432,126.956132861047
잠원역,수도권,03호선,37.5128827106508,127.011401392881
고속터미널역,수도권,03호선,37.5045398449292,127.005134579686
교대역,수도권,03호선,37.4927359601279,127.013863444681
남부터미널역,수도권,03호선,37.4851852186355,127.016191235414
양재역,수도권,03호선,37.4845687081114,127.034146039501
매봉역,수도권,03호선,37.4869250553702,127.046697871026
효자역,수도권,의정부경전철,37.753979766402,127.077208439712
까치산역,수도권,02호선,37.5322270449167,126.846426169396
시청역,수도권,02호선,37.5653372841193,126.977181235023
을지로입구역,수도권,02호선,37.5660229020616,126.982183995362
을지로3가역,수도권,02호선,37.5662761796769,126.990967458779
을지로4가역,수도권,02호선,37.5666368996611,126.997623004003
동대문역사문화공원역,수도권,02호선,37.5656454859141,127.008987189553
신당역,수도권,02호선,37.5656622427144,127.019468475358
한양대역,수도권,02호선,37.5557087864257,127.04361716382
뚝섬역,수도권,02호선,37.5472379579492,127.047369170783
성수역,수도권,02호선,37.5445852156774,127.056057944077
건대입구역,수도권,02호선,37.5403976062717,127.069202907348
구의역,수도권,02호선,37.537160863174,127.086171769557
잠실나루역,수도권,02호선,37.5206944003696,127.103799674868
잠실역,수도권,02호선,37.5133092702048,127.100215181119
용답역,수도권,02호선,37.5621209757458,127.050887278781
도곡역,수도권,03호선,37.4909757841746,127.055497705714
대치역,수도권,03호선,37.4944858480401,127.063189830669
학여울역,수도권,03호선,37.4968779978912,127.071153022687
대청역,수도권,03호선,37.4937011202813,127.079517936005
일원역,수도권,03호선,37.4839850708765,127.084120707858
수서역,수도권,03호선,37.4852843181606,127.10445168236
가락시장역,수도권,03호선,37.493092048704,127.118258210622
경찰병원역,수도권,03호선,37.4959868949932,127.124482367866
오금역,수도권,03호선,37.5021280700015,127.127930582636
당고개역,수도권,04호선,37.6702060357364,127.079048472278
상계역,수도권,04호선,37.6607133396972,127.073417091825
노원역,수도권,04호선,37.6563403562037,127.063440071354
창동역,수도권,04호선,37.653320494324,127.047640454654
쌍문역,수도권,04호선,37.6485317952362,127.034651559958
수유역,수도권,04호선,37.6378664771973,127.025492107399
미아역,수도권,04호선,37.6266400754021,127.026032022663
미아사거리역,수도권,04호선,37.6132684542852,127.030082101855
길음역,수도권,04호선,37.6033767646759,127.025049999193
성신여대입구역,수도권,04호선,37.5929627242628,127.017120398018
한성대입구역,수도권,04호선,37.5884047925683,127.006000831773
혜화역,수도권,04호선,37.5820258983338,127.00192463086
동대문역,수도권,04호선,37.5716640012581,127.010617962363
동대문역사문화공원역,수도권,04호선,37.5656454859141,127.008987189553
충무로역,수도권,04호선,37.5613929793562,126.994137154178
명동역,수도권,04호선,37.5609598626754,126.986395560098
회현역,수도권,04호선,37.5587602432284,126.978428202919
서울역,수도권,04호선,37.5533163107152,126.969738305903
숙대입구역,수도권,04호선,37.5445952301115,126.972118127372
삼각지역,수도권,04호선,37.534432134689,126.972913902586
신용산역,수도권,04호선,37.5292591477099,126.967960513832
이촌역,수도권,04호선,37.5224489050814,126.973325479803
동작역,수도권,04호선,37.5029705640491,126.980299007575
총신대입구역,수도권,04호선,37.4867887823399,126.982202828739
사당역,수도권,04호선,37.4765532208396,126.981549541445
남태령역,수도권,04호선,37.4642463513885,126.9890807468
남영역,수도권,01호선,37.5405585626607,126.971327574661
용산역,수도권,01호선,37.5300691538724,126.964815014401
노량진역,수도권,01호선,37.5135712531779,126.940888666744
대방역,수도권,01호선,37.5133469218724,126.926478663143
어룡역,수도권,의정부경전철,37.7426761348571,127.085184125536
영등포역,수도권,01호선,37.5156764732488,126.90785793823
신도림역,수도권,01호선,37.5089048744726,126.891307981962
이촌역,수도권,경의선,37.5224489050814,126.973325479803
서빙고역,수도권,경의선,37.5195501176669,126.988393978303
옥수역,수도권,경의선,37.5415518643708,127.017380201215
응봉역,수도권,경의선,37.549945423924,127.034470070506
왕십리역,수도권,경의선,37.5612611631671,127.037078472459
청량리역,수도권,경의선,37.5807185198462,127.048499848096
회기역,수도권,01호선,37.5897782042758,127.058039297256
외대앞역,수도권,01호선,37.5962624346633,127.063683442668
신이문역,수도권,01호선,37.6017744461345,127.067379878325
광운대역,수도권,01호선,37.6238337612372,127.061690626596
월계역,수도권,01호선,37.6332595324731,127.058843478444
녹천역,수도권,01호선,37.6446334490218,127.051374087263
창동역,수도권,01호선,37.653320494324,127.047640454654
선릉역,수도권,분당선,37.5044937750958,127.048948120105
한티역,수도권,분당선,37.496274896741,127.052900695072
도곡역,수도권,분당선,37.4909757841746,127.055497705714
개포동역,수도권,분당선,37.4891322712554,127.066102609769
대모산입구역,수도권,분당선,37.4915428672119,127.073070267893
왕십리역,수도권,분당선,37.5612611631671,127.037078472459
수서역,수도권,분당선,37.4852843181606,127.10445168236
복정역,수도권,분당선,37.4707382891863,127.126701394602
신길역,수도권,01호선,37.5167834187845,126.918353640838
중랑역,수도권,경의선,37.5948317972278,127.075662270251
상봉역,수도권,경의선,37.5966989669088,127.085742145107
망우역,수도권,경의선,37.5992888287112,127.092358315354
양원역,수도권,경의선,36.9637824292408,129.091278461531
구리역,수도권,경의선,37.6032563302107,127.143346426709
도농역,수도권,경의선,37.6087654214011,127.161160527083
양정역,수도권,경의선,37.6040117413696,127.194671309249
덕소역,수도권,경의선,37.58688675731,127.208824585309
도심역,수도권,경의선,37.5796354719625,127.222683847152
팔당역,수도권,경의선,37.547355858188,127.243952561032
운길산역,수도권,경의선,37.5546425550604,127.310227081777
양수역,수도권,경의선,37.545959836992,127.329133838785
신원역,수도권,경의선,37.5255748032696,127.37307354466
국수역,수도권,경의선,37.5161727619303,127.399291654314
아신역,수도권,경의선,37.5139077890841,127.443211435249
오빈역,수도권,경의선,37.5061491723811,127.473656769528
석계역,수도권,01호선,37.6150019340823,127.065670206166
양평역,수도권,경의선,37.5255688309654,126.886419299276
원덕역,수도권,경의선,37.4687673200292,127.546558574942
용문역,수도권,경의선,37.4826100652581,127.594371532679
지평역,수도권,경의선,37.4768771035447,127.629666516091
서울역,수도권,경의선,37.5533163107152,126.969738305903
신촌역,수도권,경의선,37.5551954567089,126.936962654548
효창공원앞역,수도권,경의선,37.5392943328525,126.961393582224
공덕역,수도권,경의선,37.5445344743163,126.95143307723
서강대역,수도권,경의선,37.5521312710891,126.93549404719
홍대입구역,수도권,경의선,37.5568635281461,126.923764988566
수색역,수도권,경의선,37.5808084927877,126.895641436132
화전역,수도권,경의선,37.6033060363963,126.868385736287
강매역,수도권,경의선,37.6122868634543,126.844494840384
행신역,수도권,경의선,37.6119666245481,126.834279560012
능곡역,수도권,경의선,37.6190100922675,126.82042239442
곡산역,수도권,경의선,37.6457575386699,126.801797828017
백마역,수도권,경의선,37.6580165981743,126.794602870293
풍산역,수도권,경의선,37.6723273576378,126.786266180087
일산역,수도권,경의선,37.6820093022534,126.77000451545
탄현역,수도권,경의선,37.6939744831672,126.761055632314
야당역,수도권,경의선,37.7126074026376,126.761449458429
운정역,수도권,경의선,37.725592771562,126.767147450181
금릉역,수도권,경의선,37.7513209199973,126.765387482299
금촌역,수도권,경의선,37.7661507617625,126.774601706879
파주역,수도권,경의선,37.8153583754851,126.792691322964
문산역,수도권,경의선,37.8546124470985,126.78737723979
임진강역,수도권,경의선,37.8882642054943,126.747060302928
광운대역,수도권,경춘선,37.6238337612372,127.061690626596
청량리역,수도권,경춘선,37.5807185198462,127.048499848096
회기역,수도권,경춘선,37.5897782042758,127.058039297256
상봉역,수도권,경춘선,37.5966989669088,127.085742145107
망우역,수도권,경춘선,37.5992888287112,127.092358315354
신내역,수도권,경춘선,37.612487415788,127.104266904089
갈매역,수도권,경춘선,37.6340653389188,127.114742608717
별내역,수도권,경춘선,37.6420535569769,127.126969124631
퇴계원역,수도권,경춘선,37.6482513637596,127.143523511236
사릉역,수도권,경춘선,37.6511071806435,127.176912564902
금곡역,수도권,경춘선,37.6373443631905,127.20751551717
평내호평역,수도권,경춘선,37.6532030105113,127.244434400427
천마산역,수도권,경춘선,37.6592205029108,127.285049073287
마석역,수도권,경춘선,37.6527742200656,127.311677414031
대성리역,수도권,경춘선,37.6839829102845,127.379692613895
청평역,수도권,경춘선,37.7355020498164,127.426604627072
상천역,수도권,경춘선,37.7701748704458,127.454497500058
가평역,수도권,경춘선,37.814505656393,127.510734782716
굴봉산역,수도권,경춘선,37.8320589844517,127.55776980717
백양리역,수도권,경춘선,37.830788191587,127.589315872268
강촌역,수도권,경춘선,37.8057074126255,127.634128739716
디지털미디어시티역,수도권,경의선,37.5760020219691,126.901263083061
김유정역,수도권,경춘선,37.8184383066528,127.71430569321
남춘천역,수도권,경춘선,37.8640396913213,127.723814225754
춘천역,수도권,경춘선,37.8844983510399,127.716693906996
봉명역,수도권,01호선,36.8014198381628,127.136033629949
쌍용역,수도권,01호선,36.7937221873478,127.12136482043
아산역,수도권,01호선,36.7946033931316,127.104357916141
배방역,수도권,01호선,36.7776965034054,127.052783609867
온양온천역,수도권,01호선,36.7805376748432,127.003181472643
신창역,수도권,01호선,36.769624275712,126.95138861374
선바위역,수도권,04호선,37.4517407809454,127.002215131762
경마공원역,수도권,04호선,37.4439557812032,127.007819960946
대공원역,수도권,04호선,37.4360449337415,127.006734401918
과천역,수도권,04호선,37.4328735001529,126.996610343398
정부과천청사역,수도권,04호선,37.4264939139217,126.989854488907
인덕원역,수도권,04호선,37.4014797519481,126.976666306687
평촌역,수도권,04호선,37.3942322968183,126.963794473939
범계역,수도권,04호선,37.3897765383406,126.950765206422
금정역,수도권,04호선,37.3724555868554,126.943460747528
삼동역,수도권,경강선,37.4086775154071,127.203359037744
경기광주역,수도권,경강선,37.3989402284654,127.253273621089
초월역,수도권,경강선,37.3733683173439,127.299905180106
곤지암역,수도권,경강선,37.3505359521273,127.346246812641
신둔도예촌역,수도권,경강선,37.3156050837436,127.405222655085
이천역,수도권,경강선,37.2642222250614,127.442149821859
여주역,수도권,경강선,37.2828596957647,127.62852003343
구로역,수도권,01호선,37.5033280243545,126.882291119347
가산디지털단지역,수도권,01호선,37.4803887400743,126.882643680055
금천구청역,수도권,01호선,37.4561799500543,126.893599593129
석수역,수도권,01호선,37.4350857189035,126.90230723405
관악역,수도권,01호선,37.4195571394685,126.908495489831
안양역,수도권,01호선,37.401853193434,126.922634762501
명학역,수도권,01호선,37.3844532109689,126.935592797832
금정역,수도권,01호선,37.3724555868554,126.943460747528
의왕역,수도권,01호선,37.3203421093152,126.947967475613
성균관대역,수도권,01호선,37.3003289994931,126.971012976824
화서역,수도권,01호선,37.2839872655598,126.989603013382
수원역,수도권,01호선,37.2657867038031,127.000090190749
독산역,수도권,01호선,37.4659611473931,126.889471139645
세류역,수도권,01호선,37.2438725206491,127.013795188267
군포역,수도권,01호선,37.3541850663191,126.948508477572
병점역,수도권,01호선,37.2067454948774,127.033186851871
세마역,수도권,01호선,37.187117263775,127.043426806993
오산대역,수도권,01호선,37.1693396260189,127.063075717411
송탄역,수도권,01호선,37.0757054527557,127.054271459719
서정리역,수도권,01호선,37.0565492930081,127.052863705224
평택역,수도권,01호선,36.9909679456145,127.085282090336
성환역,수도권,01호선,36.916122379095,127.126877790465
직산역,수도권,01호선,36.8709220503975,127.14380576372
두정역,수도권,01호선,36.8335918342985,127.149071859029
천안역,수도권,01호선,36.8089943586122,127.146827684755
당정역,수도권,01호선,37.3436790011333,126.948357655292
서동탄역,수도권,01호선,37.1957279421118,127.051856774263
광명역,수도권,01호선,37.4164369211351,126.884799479023
산본역,수도권,04호선,37.3580157018612,126.933041817991
대야미역,수도권,04호선,37.3279651196109,126.916888493064
반월역,수도권,04호선,37.3123673429765,126.903819948122
상록수역,수도권,04호선,37.3028523388998,126.866587593057
한대앞역,수도권,04호선,37.3097570214788,126.853670620172
중앙역,수도권,04호선,37.3160084809025,126.838496396948
고잔역,수도권,04호선,37.3167972714743,126.823016567504
초지역,수도권,04호선,37.3206629744686,126.80594908949
안산역,수도권,04호선,37.3270130414371,126.788872916065
신길온천역,수도권,04호선,37.3376222448823,126.767041475711
정왕역,수도권,04호선,37.3518085060046,126.742911898934
오이도역,수도권,04호선,37.3616918424846,126.738385506047
수리산역,수도권,04호선,37.3505507556783,126.925621928603
오이도역,수도권,수인선,37.3616918424846,126.738385506047
개봉역,수도권,01호선,37.4946344799821,126.858693356963
오류동역,수도권,01호선,37.4943827932767,126.844807477983
역곡역,수도권,01호선,37.4853071505875,126.812059338728
부천역,수도권,01호선,37.4839780556595,126.783072729615
송내역,수도권,01호선,37.4876132028813,126.753030639866
부평역,수도권,01호선,37.4894418243737,126.724326592211
백운역,수도권,01호선,37.4833280348289,126.707276374028
주안역,수도권,01호선,37.4650388163816,126.679947643466
제물포역,수도권,01호선,37.4667222404173,126.656948338954
동인천역,수도권,01호선,37.4754068295241,126.632602470436
인천역,수도권,01호선,37.4761495749499,126.616816630533
구일역,수도권,01호선,37.4962509036903,126.869682064958
세종대왕릉역,수도권,경강선,37.2936227977261,127.570641519645
오산역,수도권,01호선,37.1447027564949,127.066612100655
진위역,수도권,01호선,37.1100682181691,127.06235148447
동암역,수도권,01호선,37.4706849292696,126.702871709229
소사역,수도권,01호선,37.482793087788,126.795626202003
부개역,수도권,01호선,37.4884698252674,126.740725591772
간석역,수도권,01호선,37.464696355987,126.693513421034
도원역,수도권,01호선,37.4687697921083,126.642514822715
온수역,수도권,01호선,37.4919566907461,126.823825338009
중동역,수도권,01호선,37.4866635779738,126.764521602065
도화역,수도권,01호선,37.4661066864842,126.668571461535
서울숲역,수도권,분당선,37.5436349863299,127.044741683677
압구정로데오역,수도권,분당선,37.5275085746723,127.040591450907
강남구청역,수도권,분당선,37.5172008632289,127.041287183507
선정릉역,수도권,분당선,37.5109290398758,127.043613714302
가천대역,수도권,분당선,37.4485553966264,127.126686575598
태평역,수도권,분당선,37.4397783922336,127.127733967247
모란역,수도권,분당선,37.4340274873996,127.129961399904
야탑역,수도권,분당선,37.4113592441031,127.128724893214
서현역,수도권,분당선,37.3850010247088,127.123417906034
수내역,수도권,분당선,37.3784687717688,127.114284330024
정자역,수도권,분당선,37.3661666006259,127.108079384783
미금역,수도권,분당선,37.3500734029357,127.109004370819
이매역,수도권,분당선,37.3947099349286,127.12729606911
구성역,수도권,분당선,37.298969852535,127.10568228858
신갈역,수도권,분당선,37.2861339496318,127.111280218134
상갈역,수도권,분당선,37.2618082437676,127.108719212195
청명역,수도권,분당선,37.2595251647421,127.078955458006
영통역,수도권,분당선,37.2514926997707,127.071327398854
망포역,수도권,분당선,37.2458239558382,127.056850262151
매탄권선역,수도권,분당선,37.2524983006233,127.040804144693
수원시청역,수도권,분당선,37.2619082048643,127.030843654285
매교역,수도권,분당선,37.2655153241199,127.015896062558
달월역,수도권,수인선,37.3800159245433,126.745389964029
월곶역,수도권,수인선,37.3918134963283,126.74270758579
소래포구역,수도권,수인선,37.4009294022636,126.73348308512
인천논현역,수도권,수인선,37.4006519717694,126.722551492881
호구포역,수도권,수인선,37.4016277462904,126.708678709295
남동인더스파크역,수도권,수인선,37.4077387430964,126.695213952196
원인재역,수도권,수인선,37.4123688424567,126.68787555936
청량리역,수도권,분당선,37.5807185198462,127.048499848096
보정역,수도권,분당선,37.3127713305833,127.108318762458
연수역,수도권,수인선,37.4179126667421,126.678747524614
송도역,수도권,수인선,37.4299544246079,126.654675746817
인하대역,수도권,수인선,37.4483205697851,126.649754461755
숭의역,수도권,수인선,37.4607923513233,126.638393301309
인천역,수도권,수인선,37.4761495749499,126.616816630533
방학역,수도권,01호선,37.6674311601371,127.044317183294
도봉역,수도권,01호선,37.6791974925121,127.045525808977
도봉산역,수도권,01호선,37.6895585326698,127.046053675471
망월사역,수도권,01호선,37.7102083547787,127.047404669624
회룡역,수도권,01호선,37.7237950762834,127.047277212627
의정부역,수도권,01호선,37.7383552881432,127.045947746215
가능역,수도권,01호선,37.7483927208896,127.044274646711
녹양역,수도권,01호선,37.7593852598143,127.042261194277
양주역,수도권,01호선,37.7741241429389,127.044721308837
덕계역,수도권,01호선,37.8187525902328,127.056673506557
덕정역,수도권,01호선,37.8431840486326,127.061554773951
지행역,수도권,01호선,37.8918743050254,127.055660861893
동두천중앙역,수도권,01호선,37.9017663228673,127.056418741871
보산역,수도권,01호선,37.9141449311302,127.057156006911
동두천역,수도권,01호선,37.9276060650776,127.054914346206
원당역,수도권,03호선,37.653099388064,126.842913931542
대곡역,수도권,03호선,37.631681128995,126.810920972324
백석역,수도권,03호선,37.6429587368303,126.788117923412
마두역,수도권,03호선,37.6522375070419,126.77759814216
정발산역,수도권,03호선,37.6594734121857,126.773405982778
주엽역,수도권,03호선,37.6701350355631,126.761245434965
대화역,수도권,03호선,37.6761429324264,126.747487417179
방화역,수도권,05호선,37.5775887548875,126.81280121976
개화산역,수도권,05호선,37.5725335465697,126.806814324288
김포공항역,수도권,05호선,37.5619477391215,126.801906881417
송정역,수도권,05호선,37.5611540020654,126.812412256202
마곡역,수도권,05호선,37.5602178056843,126.824683361642
발산역,수도권,05호선,37.5586687177515,126.8377251087
우장산역,수도권,05호선,37.5488098724086,126.836320627782
화곡역,수도권,05호선,37.5416435540232,126.840432411284
원흥역,수도권,03호선,37.6506849598556,126.873016181785
까치산역,수도권,05호선,37.5322270449167,126.846426169396
신정역,수도권,05호선,37.5250131753674,126.856079401594
목동역,수도권,05호선,37.52612248118,126.864607193772
오목교역,수도권,05호선,37.5245304608023,126.875289218474
양평역,수도권,05호선,37.5255688309654,126.886419299276
영등포구청역,수도권,05호선,37.5258305232222,126.896668349116
영등포시장역,수도권,05호선,37.5227021758736,126.905179576089
신길역,수도권,05호선,37.5167834187845,126.918353640838
여의도역,수도권,05호선,37.5211664706025,126.924638422261
여의나루역,수도권,05호선,37.5271361343623,126.932981451891
마포역,수도권,05호선,37.5395405068307,126.945846741087
공덕역,수도권,05호선,37.5445344743163,126.95143307723
애오개역,수도권,05호선,37.553402332792,126.956655789028
충정로역,수도권,05호선,37.5597479688989,126.964484159441
서대문역,수도권,05호선,37.5657492320378,126.966631900266
광화문역,수도권,05호선,37.5716441018605,126.976409565513
종로3가역,수도권,05호선,37.5704208439207,126.992144196794
을지로4가역,수도권,05호선,37.5666368996611,126.997623004003
동대문역사문화공원역,수도권,05호선,37.5656454859141,127.008987189553
청구역,수도권,05호선,37.5602029883938,127.013921207826
신금호역,수도권,05호선,37.5544716890745,127.020484110799
행당역,수도권,05호선,37.5573529744311,127.029493728053
왕십리역,수도권,05호선,37.5612611631671,127.037078472459
마장역,수도권,05호선,37.5661245472562,127.042966737062
답십리역,수도권,05호선,37.5669676097486,127.05254316093
장한평역,수도권,05호선,37.5615921805583,127.063699193793
군자역,수도권,05호선,37.5571496975138,127.079494769075
아차산역,수도권,05호선,37.5522410643204,127.089561549724
광나루역,수도권,05호선,37.545291967554,127.103516928227
천호역,수도권,05호선,37.5384968055586,127.123919374783
강동역,수도권,05호선,37.5358747268317,127.132378184615
길동역,수도권,05호선,37.5378120875517,127.140007691428
삼송역,수도권,03호선,37.6530677292421,126.895653717805
굽은다리역,수도권,05호선,37.545503186603,127.14287366158
명일역,수도권,05호선,37.5513942973681,127.144039211129
고덕역,수도권,05호선,37.5550395608369,127.154163861206
상일동역,수도권,05호선,37.5566634789051,127.165892145281
둔촌동역,수도권,05호선,37.527653243694,127.136210118019
올림픽공원역,수도권,05호선,37.5163245709914,127.130963650207
방이역,수도권,05호선,37.5087434268367,127.126086986658
오금역,수도권,05호선,37.5021280700015,127.127930582636
개롱역,수도권,05호선,37.4979574766853,127.13507053201
마천역,수도권,05호선,37.495034582344,127.152841764562
응암역,수도권,06호선,37.598483842041,126.915524077713
역촌역,수도권,06호선,37.6062193423086,126.922831293899
불광역,수도권,06호선,37.6100441859992,126.930302239049
연신내역,수도권,06호선,37.6191924317614,126.921096185129
구산역,수도권,06호선,37.6112430835611,126.917253818257
새절역,수도권,06호선,37.5908600347313,126.913562546888
증산역,수도권,06호선,37.5837391279813,126.909472356624
디지털미디어시티역,수도권,06호선,37.5760020219691,126.901263083061
월드컵경기장역,수도권,06호선,37.5696211494292,126.899098167507
마포구청역,수도권,06호선,37.5634799638172,126.903407498445
망원역,수도권,06호선,37.5560790523854,126.910094334311
합정역,수도권,06호선,37.549901442065,126.914447288631
상수역,수도권,06호선,37.5477625707505,126.922416317552
광흥창역,수도권,06호선,37.5474801664168,126.932012687537
대흥역,수도권,06호선,37.5476298835021,126.942468676122
공덕역,수도권,06호선,37.5445344743163,126.95143307723
효창공원앞역,수도권,06호선,37.5392943328525,126.961393582224
삼각지역,수도권,06호선,37.534432134689,126.972913902586
녹사평역,수도권,06호선,37.5347047736434,126.986536101295
이태원역,수도권,06호선,37.534507184382,126.994320286276
한강진역,수도권,06호선,37.5397871707134,127.001742505154
버티고개역,수도권,06호선,37.5478239071303,127.00672181283
약수역,수도권,06호선,37.5544909839515,127.010887137982
거여역,수도권,05호선,37.4933160395092,127.143769291109
독바위역,수도권,06호선,37.6184069418122,126.93303553594
신당역,수도권,06호선,37.5656622427144,127.019468475358
동묘앞역,수도권,06호선,37.5732130585579,127.016346114277
창신역,수도권,06호선,37.5794120427143,127.015283298946
보문역,수도권,06호선,37.5855380945306,127.019994457457
안암역,수도권,06호선,37.5862930020861,127.02923341461
고려대역,수도권,06호선,37.5904356061366,127.036300356742
월곡역,수도권,06호선,37.6018044220648,127.041447136594
상월곡역,수도권,06호선,37.6065408142226,127.048811061085
돌곶이역,수도권,06호선,37.6105378127498,127.056424528377
석계역,수도권,06호선,37.6150019340823,127.065670206166
태릉입구역,수도권,06호선,37.6184559179347,127.075391704694
봉화산역,수도권,06호선,37.6173454295036,127.091361241699
장암역,수도권,07호선,37.6999529625254,127.052818308021
도봉산역,수도권,07호선,37.6895585326698,127.046053675471
수락산역,수도권,07호선,37.6778778660233,127.055341897382
마들역,수도권,07호선,37.6651909458561,127.057689943554
노원역,수도권,07호선,37.6563403562037,127.063440071354
중계역,수도권,07호선,37.6450777073231,127.064110346569
하계역,수도권,07호선,37.6364621312659,127.067977670097
태릉입구역,수도권,07호선,37.6184559179347,127.075391704694
먹골역,수도권,07호선,37.6106157806661,127.077762184215
중화역,수도권,07호선,37.6025418946255,127.079293906515
상봉역,수도권,07호선,37.5966989669088,127.085742145107
면목역,수도권,07호선,37.5886968712998,127.08749925382
사가정역,수도권,07호선,37.5809295768134,127.088486427527
용마산역,수도권,07호선,37.573704888224,127.086757224194
중곡역,수도권,07호선,37.5658680402426,127.084257974673
군자역,수도권,07호선,37.5571496975138,127.079494769075
어린이대공원역,수도권,07호선,37.5479446668453,127.074641659468
건대입구역,수도권,07호선,37.5403976062717,127.069202907348
뚝섬유원지역,수도권,07호선,37.5315511803549,127.06677359647
청구역,수도권,06호선,37.5602029883938,127.013921207826
화랑대역,수도권,06호선,37.6198379616943,127.083525948283
청담역,수도권,07호선,37.5194483760543,127.053708883222
강남구청역,수도권,07호선,37.5172008632289,127.041287183507
학동역,수도권,07호선,37.5143566006166,127.031897380783
논현역,수도권,07호선,37.5111873890283,127.02164858363
반포역,수도권,07호선,37.5081434093748,127.011581635081
고속터미널역,수도권,07호선,37.5045398449292,127.005134579686
내방역,수도권,07호선,37.4876549159776,126.993577566695
이수역,수도권,07호선,37.4867887823399,126.982202828739
남성역,수도권,07호선,37.4847862998916,126.970896635447
숭실대입구역,수도권,07호선,37.4963136741799,126.953612918928
상도역,수도권,07호선,37.5028526010093,126.94790894056
장승배기역,수도권,07호선,37.5048846414365,126.939063345317
신대방삼거리역,수도권,07호선,37.4997428128212,126.928210959471
보라매역,수도권,07호선,37.4999181359871,126.920588561199
신풍역,수도권,07호선,37.5001085601918,126.909731743281
대림역,수도권,07호선,37.4933027323738,126.894926522974
남구로역,수도권,07호선,37.4869892904115,126.887970257024
가산디지털단지역,수도권,07호선,37.4803887400743,126.882643680055
철산역,수도권,07호선,37.4761928323657,126.868201982739
광명사거리역,수도권,07호선,37.4792946820271,126.85485565284
천왕역,수도권,07호선,37.4868420352704,126.838581632594
온수역,수도권,07호선,37.4919566907461,126.823825338009
까치울역,수도권,07호선,37.5062093130608,126.811328358368
부천종합운동장역,수도권,07호선,37.5054110660251,126.797215785441
신중동역,수도권,07호선,37.5029417111885,126.776888189294
부천시청역,수도권,07호선,37.5046286887108,126.764058041258
삼산체육관역,수도권,07호선,37.5064914068797,126.741409731627
굴포천역,수도권,07호선,37.5070275598449,126.731341990324
부평구청역,수도권,07호선,37.507419068537,126.721432985599
암사역,수도권,08호선,37.550133857734,127.127537293281
공릉역,수도권,07호선,37.6255391693239,127.073019988267
춘의역,수도권,07호선,37.5036811739172,126.786996678208
천호역,수도권,08호선,37.5384968055586,127.123919374783
강동구청역,수도권,08호선,37.530193178362,127.120443701344
몽촌토성역,수도권,08호선,37.5178028959182,127.112844983956
잠실역,수도권,08호선,37.5133092702048,127.100215181119
석촌역,수도권,08호선,37.5054105299706,127.106990485844
송파역,수도권,08호선,37.4997113580808,127.112184453853
가락시장역,수도권,08호선,37.493092048704,127.118258210622
문정역,수도권,08호선,37.4860238552656,127.122475829669
장지역,수도권,08호선,37.478631698139,127.126172045084
복정역,수도권,08호선,37.4707382891863,127.126701394602
산성역,수도권,08호선,37.4567993089902,127.150073936897
남한산성입구역,수도권,08호선,37.4516687091001,127.159873536458
단대오거리역,수도권,08호선,37.4450233989513,127.156763011663
신흥역,수도권,08호선,37.4409086355148,127.147533584341
수진역,수도권,08호선,37.4373671826853,127.140520928805
모란역,수도권,08호선,37.4340274873996,127.129961399904
계양역,수도권,인천선,37.5717663371129,126.736271428893
귤현역,수도권,인천선,37.5662844094145,126.742674641657
박촌역,수도권,인천선,37.5536576166972,126.745049372602
임학역,수도권,인천선,37.5449940157494,126.738628916225
계산역,수도권,인천선,37.5432935271122,126.727726743177
경인교대입구역,수도권,인천선,37.5381098916945,126.722608726884
작전역,수도권,인천선,37.5302530435772,126.722547318021
갈산역,수도권,인천선,37.5171140794594,126.72153268891
부평구청역,수도권,인천선,37.507419068537,126.721432985599
부평시장역,수도권,인천선,37.4983569756961,126.72228087721
부평역,수도권,인천선,37.4894418243737,126.724326592211
동수역,수도권,인천선,37.4854999340719,126.718597252565
부평삼거리역,수도권,인천선,37.4778212873274,126.710282528362
인천시청역,수도권,인천선,37.4577267935147,126.702222226296
예술회관역,수도권,인천선,37.4485151381953,126.700902602702
인천터미널역,수도권,인천선,37.4419166504208,126.699685849828
상동역,수도권,07호선,37.5057777528781,126.753174390302
문학경기장역,수도권,인천선,37.434633323328,126.698449455888
선학역,수도권,인천선,37.4269398417713,126.698909636823
신연수역,수도권,인천선,37.4180973429852,126.694019725957
원인재역,수도권,인천선,37.4123688424567,126.68787555936
동춘역,수도권,인천선,37.4045652705741,126.680837538983
동막역,수도권,인천선,37.3979315880858,126.673434509395
캠퍼스타운역,수도권,인천선,37.3884393522901,126.6622061372
테크노파크역,수도권,인천선,37.3822773662676,126.65629460478
지식정보단지역,수도권,인천선,37.3774891987682,126.645861465756
인천대입구역,수도권,인천선,37.3861919071819,126.639519720247
센트럴파크역,수도권,인천선,37.3928454874914,126.634970746765
국제업무지구역,수도권,인천선,37.3996433943868,126.630533193969
검단사거리역,수도권,인천2호선,37.6016539690002,126.656420307251
마전역,수도권,인천2호선,37.5976304703003,126.667218943756
독정역,수도권,인천2호선,37.5848428291863,126.675993614924
검암역,수도권,인천2호선,37.5692492054082,126.673638828703
검바위역,수도권,인천2호선,37.5611149059147,126.67752248339
서구청역,수도권,인천2호선,37.5440301501202,126.676826630599
가정역,수도권,인천2호선,37.5248168370742,126.675348382289
석남역,수도권,인천2호선,37.5074661446109,126.676283101193
서부여성회관역,수도권,인천2호선,37.5003290546645,126.675861556848
인천가좌역,수도권,인천2호선,37.4898216199472,126.675228523206
가재울역,수도권,인천2호선,37.4841323844532,126.683755657306
주안국가산단역,수도권,인천2호선,37.473908169022,126.681221205002
주안역,수도권,인천2호선,37.4650388163816,126.679947643466
시민공원역,수도권,인천2호선,37.4583743653314,126.68106110186
석바위시장역,수도권,인천2호선,37.4576654498643,126.692344047203
인천시청역,수도권,인천2호선,37.4577267935147,126.702222226296
석천사거리역,수도권,인천2호선,37.4567740479476,126.710408949459
모래내시장역,수도권,인천2호선,37.455859192036,126.719612529317
만수역,수도권,인천2호선,37.454968293444,126.731731753788
인천대공원역,수도권,인천2호선,37.4484729876328,126.752842934744
운연역,수도권,인천2호선,37.43963899493,126.759606699327
개화역,수도권,09호선,37.5783372913891,126.796882325598
김포공항역,수도권,09호선,37.5619477391215,126.801906881417
공항시장역,수도권,09호선,37.5636738875486,126.810594967667
신방화역,수도권,09호선,37.567486525915,126.817218331242
마곡나루역,수도권,09호선,37.5667089856741,126.827407353953
양천향교역,수도권,09호선,37.5680628368766,126.841960762674
증미역,수도권,09호선,37.5581213429662,126.860633381512
등촌역,수도권,09호선,37.5507208571932,126.865558572269
선유도역,수도권,09호선,37.5381532418967,126.89332482044
왕길역,수도권,인천2호선,37.595125452058,126.642477389389
완정역,수도권,인천2호선,37.5928353956603,126.673014999848
염창역,수도권,09호선,37.5469649168106,126.874867107681
신목동역,수도권,09호선,37.5442703452459,126.883086765892
당산역,수도권,09호선,37.5347735014069,126.902607283905
국회의사당역,수도권,09호선,37.5281356801658,126.917820861804
여의도역,수도권,09호선,37.5211664706025,126.924638422261
샛강역,수도권,09호선,37.517366563071,126.92837506516
노량진역,수도권,09호선,37.5135712531779,126.940888666744
노들역,수도권,09호선,37.5126577019678,126.953082505556
흑석역,수도권,09호선,37.5091654663414,126.96344496646
동작역,수도권,09호선,37.5029705640491,126.980299007575
구반포역,수도권,09호선,37.5014218099211,126.987446814026
신반포역,수도권,09호선,37.5034947245635,126.996064297745
고속터미널역,수도권,09호선,37.5045398449292,127.005134579686
사평역,수도권,09호선,37.50423262798,127.015267960691
신논현역,수도권,09호선,37.5048075124198,127.025469415506
석촌고분역,수도권,09호선,37.5024642758104,127.096491224145
석촌역,수도권,09호선,37.5054105299706,127.106990485844
송파나루역,수도권,09호선,37.5110095122823,127.112653785965
한성백제역,수도권,09호선,37.5165199821667,127.116440092824
올림픽공원역,수도권,09호선,37.5163245709914,127.130963650207
둔촌오륜역,수도권,09호선,37.5193972411893,127.138638475396
중앙보훈병원역,수도권,09호선,37.5283953876669,127.148407138571
마곡나루역,수도권,공항철도,37.5667089856741,126.827407353953
김포공항역,수도권,공항철도,37.5619477391215,126.801906881417
계양역,수도권,공항철도,37.5717663371129,126.736271428893
검암역,수도권,공항철도,37.5692492054082,126.673638828703
정자역,수도권,신분당선,37.3661666006259,127.108079384783
미금역,수도권,신분당선,37.3500734029357,127.109004370819
동천역,수도권,신분당선,37.3378249132707,127.102847846954
수지구청역,수도권,신분당선,37.3224781677918,127.094658542513
성복역,수도권,신분당선,37.3135144427628,127.080365602442
상현역,수도권,신분당선,37.2978253754142,127.069340973557
광교중앙역,수도권,신분당선,37.2883734932387,127.05171729556
새말역,수도권,의정부경전철,37.7488342825137,127.063745883251
경기도청북부청사역,수도권,의정부경전철,37.7507578441673,127.07159966714
곤제역,수도권,의정부경전철,37.7505335628569,127.083808800706
가양역,수도권,09호선,37.5614294894973,126.854402192224
선정릉역,수도권,09호선,37.5109290398758,127.043613714302
삼성중앙역,수도권,09호선,37.5129614592575,127.053025579452
봉은사역,수도권,09호선,37.5142374358367,127.060220347306
종합운동장역,수도권,09호선,37.5111302556967,127.07383586044
삼전역,수도권,09호선,37.5045436968849,127.08735570822
서울역,수도권,공항철도,37.5533163107152,126.969738305903
공덕역,수도권,공항철도,37.5445344743163,126.95143307723
홍대입구역,수도권,공항철도,37.5568635281461,126.923764988566
디지털미디어시티역,수도권,공항철도,37.5760020219691,126.901263083061
청라국제도시역,수도권,공항철도,37.5564536766415,126.624644887111
운서역,수도권,공항철도,37.4928052601709,126.493725443401
양재시민의숲역,수도권,신분당선,37.4701151903454,127.038457766798
판교역,수도권,신분당선,37.3947622153025,127.111192160375
광교역,수도권,신분당선,37.3021083255958,127.044259827576
회룡역,수도권,의정부경전철,37.7237950762834,127.047277212627
범골역,수도권,의정부경전철,37.7287878565888,127.043650414579
경전철의정부역,수도권,의정부경전철,37.7372571103071,127.043292348168
의정부시청역,수도권,의정부경전철,37.7392240282409,127.034829933565
흥선역,수도권,의정부경전철,37.7432776750286,127.037169082949
의정부중앙역,수도권,의정부경전철,37.7436695049384,127.0496498053
공항화물청사역,수도권,공항철도,37.4590552168484,126.477496372804
인천공항1터미널역,수도권,공항철도,37.4475177072398,126.452578974301
인천공항2터미널역,수도권,공항철도,37.4687821735189,126.433636502678
영종역,수도권,공항철도,37.51201816208,126.524971484378
강남역,수도권,신분당선,37.4980854411503,127.027977657727
양재역,수도권,신분당선,37.4845687081114,127.034146039501
강남대역,수도권,용인경전철,37.2701707463678,127.126048852907
지석역,수도권,용인경전철,37.2697264896226,127.13664607007
어정역,수도권,용인경전철,37.2749441263938,127.143736325862
동백역,수도권,용인경전철,37.2690941934817,127.152677020642
초당역,수도권,용인경전철,37.2607956916315,127.15944666798
시청.용인대역,수도권,용인경전철,37.2394312311549,127.178876050309
명지대역,수도권,용인경전철,37.2380618930876,127.19027774875
김량장역,수도권,용인경전철,37.2373093842642,127.198592810314
운동장.송담대역,수도권,용인경전철,37.2379039726401,127.209120242573
고진역,수도권,용인경전철,37.2446347645105,127.214165558244
보평역,수도권,용인경전철,37.2590435821757,127.218467470786
둔전역,수도권,용인경전철,37.2671978333453,127.213620643705
발곡역,수도권,의정부경전철,37.7271442784747,127.052951047249
송산역,수도권,의정부경전철,37.7372688479978,127.087197331244
탑석역,수도권,의정부경전철,37.7334835070595,127.088894548309
북한산우이역,수도권,우이신설경전철,37.6629879523308,127.012739014317
솔밭공원역,수도권,우이신설경전철,37.655978257268,127.013259115174
4·19민주묘지역,수도권,우이신설경전철,37.6495271717567,127.013688568881
가오리역,수도권,우이신설경전철,37.6416341556655,127.01676898865
삼양사거리역,수도권,우이신설경전철,37.6213073258081,127.020479780253
솔샘역,수도권,우이신설경전철,37.6202451573205,127.013569926861
북한산보국문역,수도권,우이신설경전철,37.6121187346003,127.008245268539
정릉역,수도권,우이신설경전철,37.6026037968404,127.013521423935
성신여대입구역,수도권,우이신설경전철,37.5929627242628,127.017120398018
보문역,수도권,우이신설경전철,37.5855380945306,127.019994457457
오리역,수도권,분당선,37.3398197437914,127.108944410482
간석오거리역,수도권,인천선,37.4670754270052,126.707904954236
종로3가역,수도권,01호선,37.5704208439207,126.992144196794
종로5가역,수도권,01호선,37.5709616924446,127.001539476891
동대문역,수도권,01호선,37.5716640012581,127.010617962363
신설동역,수도권,01호선,37.5760227613002,127.024452169845
제기동역,수도권,01호선,37.5781644906615,127.034935905941
청량리역,수도권,01호선,37.5807185198462,127.048499848096
동묘앞역,수도권,01호선,37.5732130585579,127.016346114277
대곡역,수도권,경의선,37.631681128995,126.810920972324
충무로역,수도권,03호선,37.5613929793562,126.994137154178
죽전역,수도권,분당선,37.324377387157,127.107500507614
청계산입구역,수도권,신분당선,37.4483403225219,127.054720316678
신설동역,수도권,우이신설경전철,37.5760227613002,127.024452169845
소사역,수도권,서해선,37.482793087788,126.795626202003
소새울역,수도권,서해선,37.4685059275196,126.797270299654
시흥대야역,수도권,서해선,37.450099848927,126.792980234554
신천역,수도권,서해선,37.439240616729,126.786772666879
신현역,수도권,서해선,37.409563047498,126.787828208206
시흥시청역,수도권,서해선,37.3815543779072,126.805927791575
시흥능곡역,수도권,서해선,37.3699357078736,126.808712336392
달미역,수도권,서해선,37.3487807176154,126.809398048906
선부역,수도권,서해선,37.3344012244658,126.809976021899
초지역,수도권,서해선,37.3206629744686,126.80594908949
원곡역,수도권,서해선,37.3131491759147,126.795725352292
원시역,수도권,서해선,37.3026093136252,126.786775526256
양촌역,수도권,김포골드,37.6417268910766,126.614676098923
구래역,수도권,김포골드,37.6452652583848,126.627937619328
마산역,수도권,김포골드,35.2362020956079,128.577168715535
장기역,수도권,김포골드,37.644054370351,126.669074138552
운양역,수도권,김포골드,37.6537713637391,126.683830867772
걸포북변역,수도권,김포골드,37.6316279949669,126.705789359074
사우역,수도권,김포골드,37.6200048459257,126.720424444576
풍무역,수도권,김포골드,37.6126624208995,126.732344200216
고촌역,수도권,김포골드,37.6012098003045,126.77032142847
김포공항역,수도권,김포골드,37.5619477391215,126.801906881417
서초역,수도권,02호선,37.491835518946,127.007644026196
이매역,수도권,경강선,37.3947099349286,127.12729606911
소요산역,수도권,01호선,37.9488831816783,127.061119494763
남동구청역,수도권,인천2호선,37.4481674840897,126.736547716768
왕십리역,수도권,02호선,37.5612611631671,127.037078472459
판교역,수도권,경강선,37.3947622153025,127.111192160375
신포역,수도권,수인선,37.468443681084,126.624520175227
신내역,수도권,06호선,37.612487415788,127.104266904089
상왕십리역,수도권,02호선,37.5644348647729,127.029270145908
삼가역,수도권,용인경전철,37.2420419195264,127.168175442278
한남역,수도권,경의선,37.5294253166994,127.009186483335
지제역,수도권,01호선,37.0187673944311,127.069828230286
전대.에버랜드역,수도권,용인경전철,37.2854603654967,127.219378294699
대림역,수도권,02호선,37.4933027323738,126.894926522974
아시아드경기장역,수도권,인천2호선,37.5513109096011,126.677089429261
신설동역,수도권,02호선,37.5760227613002,127.024452169845
도림천역,수도권,02호선,37.5145008199738,126.882635530518
양천구청역,수도권,02호선,37.5123744505094,126.865717870736
용두역,수도권,02호선,37.5740549248114,127.038262110343
중랑역,수도권,경춘선,37.5948317972278,127.075662270251
기흥역,수도권,분당선,37.2754420734533,127.117037420103
검단오류역,수도권,인천2호선,37.5949362180671,126.627893943162
용산역,수도권,경의선,37.5300691538724,126.964815014401
수원역,수도권,분당선,37.2657867038031,127.000090190749
화정역,수도권,03호선,37.634633161962,126.832665788035
언주역,수도권,09호선,37.5073281931356,127.033952822224
기흥역,수도권,용인경전철,37.2754420734533,127.117037420103
서울역,수도권,01호선,37.5533163107152,126.969738305903
시청역,수도권,01호선,37.5653372841193,126.977181235023
종각역,수도권,01호선,37.5702216815202,126.983133839231
화계역,수도권,우이신설경전철,37.6340837961475,127.017492363882
삼양역,수도권,우이신설경전철,37.6269118474291,127.018147716421
회기역,수도권,경의선,37.5897782042758,127.058039297256
가좌역,수도권,경의선,37.5687505576544,126.914810592109
괴정역,부산,01호선,35.0999289032165,128.992469504766
교대역,부산,01호선,35.195783907898,129.079977005358
구서역,부산,01호선,35.2472788571844,129.091288232766
남산역,부산,01호선,35.2651922446799,129.092407860564
남포역,부산,01호선,35.0978931395507,129.034723258276
낫개역,부산,01호선,35.0653349861198,128.97965901275
노포역,부산,01호선,35.2838366796016,129.095019665866
다대포항역,부산,01호선,35.0576668950612,128.971297843707
다대포해수욕장역,부산,01호선,35.0481499885694,128.965765148499
당리역,부산,01호선,35.1035524449391,128.973696338125
대티역,부산,01호선,35.1031582649819,128.99993908601
동대신역,부산,01호선,35.110325161267,129.017726862246
동래역,부산,01호선,35.2056143204332,129.07847104597
동매역,부산,01호선,35.0897491881322,128.973517094459
두실역,부산,01호선,35.2570099271141,129.091362493563
명륜역,부산,01호선,35.2125680814846,129.079702455864
범내골역,부산,01호선,35.1473136702701,129.059234944968
범어사역,부산,01호선,35.2730643367497,129.09263234654
범일역,부산,01호선,35.1407875618323,129.059333803704
부산역,부산,01호선,35.1151013523834,129.041402536451
부산대역,부산,01호선,35.2296488891639,129.089407790192
부산진역,부산,01호선,35.1287873021046,129.04957613438
부전역,부산,01호선,35.1646371421327,129.060110661449
사하역,부산,01호선,35.0997534720429,128.983385888261
서대신역,부산,01호선,35.1109049242578,129.012126142414
서면역,부산,01호선,35.1579285516114,129.059283061675
시청역,부산,01호선,35.1796758702172,129.076558991487
신장림역,부산,01호선,35.0747396347519,128.976575670276
신평역,부산,01호선,35.09522174177,128.96060084695
양정역,부산,01호선,35.1727945202072,129.071093977333
연산역,부산,01호선,35.186023648491,129.081594219508
온천장역,부산,01호선,35.2202563844313,129.086421592963
자갈치역,부산,01호선,35.0971910773904,129.026065425464
장림역,부산,01호선,35.0819546708467,128.977341757158
장전역,부산,01호선,35.2380696359538,129.088130026335
좌천역,부산,01호선,35.3112993353273,129.243854152013
중앙역,부산,01호선,35.1037232889884,129.036359539834
초량역,부산,01호선,35.1205232890849,129.042656589057
토성역,부산,01호선,35.1007746620673,129.019772229835
하단역,부산,01호선,35.1062241549739,128.966786200409
가야역,부산,02호선,35.1559283350274,129.043300138953
감전역,부산,02호선,35.1553317654515,128.991471695099
개금역,부산,02호선,35.1532278026698,129.020563458407
경성대.부경대역,부산,02호선,35.13759348154,129.100501514097
광안역,부산,02호선,35.1578479276108,129.113136364282
구남역,부산,02호선,35.1966759799094,128.994851970683
구명역,부산,02호선,35.2027985510549,128.999547136349
금곡역,부산,02호선,35.2672336674807,129.016798392946
금련산역,부산,02호선,35.1497396076358,129.11095170431
남양산역,부산,02호선,35.3254405539145,129.019409064815
남천역,부산,02호선,35.1420079376654,129.107833750696
냉정역,부산,02호선,35.1512417787151,129.012109601668
대연역,부산,02호선,35.1351254985673,129.092100980224
덕천역,부산,02호선,35.2104197091066,129.005158287856
덕포역,부산,02호선,35.1733191555408,128.983788688479
동백역,부산,02호선,35.1613259416941,129.147989867891
동원역,부산,02호선,35.2586376256915,129.012410371979
동의대역,부산,02호선,35.1540539311131,129.032587914321
모덕역,부산,02호선,35.1804089764856,128.985585488941
모라역,부산,02호선,35.1895342232958,128.988551913229
못골역,부산,02호선,35.1347181113768,129.084367776273
문현역,부산,02호선,35.1390283109348,129.067385703111
민락역,부산,02호선,35.1670633468974,129.122088298688
벡스코역,부산,02호선,35.1712399344204,129.136705372018
부산대양산캠퍼스역,부산,02호선,35.3168079697557,129.013982914868
부암역,부산,02호선,35.1573623855935,129.050161215715
사상역,부산,02호선,35.16256857145,128.988707163177
서면역,부산,02호선,35.1579285516114,129.059283061675
센텀시티역,부산,02호선,35.1689482384046,129.131750834403
수영역,부산,02호선,35.1656767583149,129.114809457656
수정역,부산,02호선,35.223168959538,129.009096017616
양산역,부산,02호선,35.3387321483244,129.026426348711
율리역,부산,02호선,35.2462483723543,129.012851066753
장산역,부산,02호선,35.1699451806126,129.177013481526
전포역,부산,02호선,35.1530847640144,129.065371326357
주례역,부산,02호선,35.1504756571399,129.002874118914
중동역,부산,02호선,35.1666689389201,129.168761506199
증산역,부산,02호선,35.3082546899949,129.010274899651
지게골역,부산,02호선,35.1355559610514,129.0744064496
해운대역,부산,02호선,35.1636372334733,129.158892567131
호포역,부산,02호선,35.2808292528308,129.017509213349
화명역,부산,02호선,35.2345117225299,129.007640378398
강서구청역,부산,03호선,35.2111798817285,128.981986450564
거제역,부산,03호선,35.1884955700528,129.074083076729
구포역,부산,03호선,35.2054702088577,128.997109305675
남산정역,부산,03호선,35.2133185169813,129.023742898721
대저역,부산,03호선,35.2130418747464,128.96061942008
덕천역,부산,03호선,35.2104197091066,129.005158287856
만덕역,부산,03호선,35.2130001731867,129.036274760209
망미역,부산,03호선,35.1714853849008,129.108309225102
물만골역,부산,03호선,35.1767971667486,129.085705198123
미남역,부산,03호선,35.206840434349,129.068972012147
배산역,부산,03호선,35.1734909178456,129.09556412768
사직역,부산,03호선,35.1986144950882,129.065184316341
수영역,부산,03호선,35.1656767583149,129.114809457656
숙등역,부산,03호선,35.2120706372117,129.013192665463
연산역,부산,03호선,35.186023648491,129.081594219508
종합운동장역,부산,03호선,35.191547306926,129.067420452102
체육공원역,부산,03호선,35.2124665544821,128.96941202744
고촌역,부산,04호선,35.2360066637924,129.160457828198
금사역,부산,04호선,35.2157751111313,129.115120329092
낙민역,부산,04호선,35.2002120135147,129.09076121312
동래역,부산,04호선,35.2056143204332,129.07847104597
동부산대학역,부산,04호선,35.2323775475617,129.153749889572
명장역,부산,04호선,35.2054084185253,129.101873805387
미남역,부산,04호선,35.206840434349,129.068972012147
반여농산물시장역,부산,04호선,35.2177466632227,129.123978226851
서동역,부산,04호선,35.2131682261581,129.107520151787
석대역,부산,04호선,35.2181299760922,129.137011666198
수안역,부산,04호선,35.2017371696674,129.083839707608
안평역,부산,04호선,35.3339439952575,126.780258248189
영산대역,부산,04호선,35.2255927079761,129.14610278873
충렬사역,부산,04호선,35.2000368312143,129.097761089153
국제금융센터.부산은행역,부산,02호선,35.1459064311736,129.066725875342
각산역,대구,01호선,35.8679872102015,128.724240457388
교대역,대구,01호선,35.8506373634688,128.590576155881
대곡역,대구,01호선,35.8095583458704,128.512757168817
대구역,대구,01호선,35.8759381314361,128.596263696332
대명역,대구,01호선,35.839318216829,128.565935871083
동대구역역,대구,01호선,35.8775500832393,128.627896847145
동촌역,대구,01호선,35.8860579139277,128.650262490859
명덕역,대구,01호선,35.8578216212265,128.591096064085
반야월역,대구,01호선,35.8659589028698,128.713590817849
반월당역,대구,01호선,35.8644964860509,128.593332929389
방촌역,대구,01호선,35.8796369539707,128.670170788121
상인역,대구,01호선,35.8189194514905,128.537763411316
설화명곡역,대구,01호선,35.7987123327622,128.489344066951
성당못역,대구,01호선,35.8371792245284,128.557173085249
송현역,대구,01호선,35.8310318233134,128.551719090627
신기역,대구,01호선,37.345927256307,129.084976674615
신천역,대구,01호선,35.8746760324725,128.617851051566
아양교역,대구,01호선,35.8871908391627,128.639920975458
안심역,대구,01호선,35.8712022704242,128.733765080081
안지랑역,대구,01호선,35.8392164432878,128.573725177851
영대병원역,대구,01호선,35.8441464017722,128.58805585885
용계역,대구,01호선,35.8761014855902,128.682010186069
월배역,대구,01호선,35.8161659635543,128.530385897121
월촌역,대구,01호선,35.8236868611695,128.545468163237
율하역,대구,01호선,35.8697875076123,128.692704380891
중앙로역,대구,01호선,35.8708501133771,128.593969444883
진천역,대구,01호선,35.8138799383459,128.523062072253
칠성시장역,대구,01호선,35.8760903724485,128.605124573102
큰고개역,대구,01호선,35.8840376292457,128.631927449984
해안역,대구,01호선,35.8835322129174,128.659600169354
현충로역,대구,01호선,35.8409351756246,128.58146206116
화원역,대구,01호선,35.8044645552995,128.500713083099
감삼역,대구,02호선,35.8543099591059,128.548121282533
강창역,대구,02호선,35.8530780898695,128.478516220553
경대병원역,대구,02호선,35.8631437353553,128.602892882149
계명대역,대구,02호선,35.8515076071553,128.491836327568
고산역,대구,02호선,35.8429262579099,128.69324006006
내당역,대구,02호선,35.8601156155721,128.564640118628
다사역,대구,02호선,35.8648229875689,128.458386021034
담티역,대구,02호선,35.8547735101299,128.653975024565
대공원역,대구,02호선,35.8426979436612,128.679976366306
대구은행역,대구,02호선,35.8597493327492,128.61411591373
대실역,대구,02호선,35.8576022557459,128.46524992458
두류역,대구,02호선,35.8572040925188,128.555682839754
만촌역,대구,02호선,35.8588473102879,128.644738903795
문양역,대구,02호선,35.8641437112211,128.436984667647
반고개역,대구,02호선,35.8622449548787,128.57271908971
반월당역,대구,02호선,35.8644964860509,128.593332929389
범어역,대구,02호선,35.8590196842493,128.626787185036
사월역,대구,02호선,35.8370264224766,128.71529223248
성서산업단지역,대구,02호선,35.8517150726794,128.506982677305
수성구청역,대구,02호선,35.8587913482908,128.635638371464
신남역,대구,02호선,35.8641908810197,128.582366875268
신매역,대구,02호선,35.8407936941253,128.705125156966
연호역,대구,02호선,35.8465805743104,128.671668697446
영남대역,대구,02호선,35.8361975090997,128.75274551423
용산역 대구2호선,대구,02호선,35.8490603085768,128.528804093655
이곡역,대구,02호선,35.8505949173867,128.515794441163
임당역,대구,02호선,35.8341178335045,128.740836819462
정평역,대구,02호선,35.834041297532,128.728662341081
죽전역,대구,02호선,35.8507169997604,128.538797872376
건들바위역,대구,03호선,35.8553826428892,128.599681452388
공단역,대구,03호선,35.8919793873996,128.553594363812
구암역,대구,03호선,35.9257423398405,128.550332606006
남산역,대구,03호선,35.8566969947598,128.583457701217
달성공원역,대구,03호선,35.8756751656703,128.582085953652
대봉교역,대구,03호선,35.8549871395244,128.606359383914
동천역,대구,03호선,35.9376993767704,128.556682810229
만평역,대구,03호선,35.88982823115,128.561038533394
매천역,대구,03호선,35.9126748779821,128.543408922216
매천시장역,대구,03호선,35.9043545074362,128.545728405085
명덕역,대구,03호선,35.8578216212265,128.591096064085
범물역,대구,03호선,35.8208284803161,128.640103620106
북구청역,대구,03호선,35.8837400679307,128.581426946264
서문시장역,대구,03호선,35.8696535982898,128.582231931722
수성구민운동장역,대구,03호선,35.8524097935471,128.625124606656
수성못역,대구,03호선,35.8313489070586,128.623212105964
수성시장역,대구,03호선,35.8543168751428,128.616020365363
신남역,대구,03호선,35.8641908810197,128.582366875268
어린이회관역,대구,03호선,35.8451554793509,128.624467438861
용지역,대구,03호선,35.8182533885697,128.646534236622
원대역,대구,03호선,35.8878340734269,128.574354591033
지산역,대구,03호선,35.8251389841223,128.631937734932
칠곡경대병원역,대구,03호선,35.958383988948,128.559881826034
칠곡운암역,대구,03호선,35.9314554587022,128.554521634866
태전역,대구,03호선,35.9196341144146,128.54742160057
팔거역,대구,03호선,35.9440399509465,128.558336478382
팔달역,대구,03호선,35.8978353227707,128.546731313191
팔달시장역,대구,03호선,35.8888381758141,128.567862898977
학정역,대구,03호선,35.9515443059237,128.559193181731
황금역,대구,03호선,35.8390714164184,128.62390067429
녹동역,광주,01호선,35.1067870742082,126.933991024336
소태역,광주,01호선,35.1233352783732,126.932397880621
학동증심사입구역,광주,01호선,35.1327251951351,126.928396288774
남광주역,광주,01호선,35.139283789899,126.922969911318
문화전당역,광주,01호선,35.1465828245531,126.919890335472
금남로4가역,광주,01호선,35.1507073806179,126.914508799173
금남로5가역,광주,01호선,35.1541828469145,126.909303040379
양동시장역,광주,01호선,35.1543207844391,126.901269215342
돌고개역,광주,01호선,35.1516474261654,126.89492912483
농성역,광주,01호선,35.1532776541874,126.883710763274
화정역,광주,01호선,35.1519546363326,126.876601078382
쌍촌역,광주,01호선,35.1515866889154,126.869533997616
운천역,광주,01호선,37.8799680237518,126.769754046936
상무역,광주,01호선,35.1466588627059,126.848537766757
김대중컨벤션센터역,광주,01호선,35.1432428029189,126.841564971083
공항역,광주,01호선,35.1440652693202,126.811627470696
송정공원역,광주,01호선,35.1435408172655,126.799360308266
광주송정역역,광주,01호선,35.1374884645062,126.791518717435
도산역,광주,01호선,35.131767691548,126.787978399504
평동역,광주,01호선,35.1247214855717,126.769565436581
판암역,대전,01호선,36.3169538598042,127.458409493686
신흥역,대전,01호선,36.3196398553685,127.448781492469
대동역,대전,01호선,36.3295750164063,127.442824287083
대전역,대전,01호선,36.3322924978184,127.434107666899
중앙로역,대전,01호선,36.3286454994888,127.425823604261
중구청역,대전,01호선,36.3247926451719,127.419543819728
서대전네거리역,대전,01호선,36.3224198217408,127.412559740784
오룡역,대전,01호선,36.3286821373548,127.404908048175
용문역,대전,01호선,36.3377705340242,127.39274723166
탄방역,대전,01호선,36.3455472568459,127.384565210585
시청역,대전,01호선,36.3515060383179,127.386733493775
정부청사역,대전,01호선,37.4264939139217,126.989854488907
갈마역,대전,01호선,36.3575701907458,127.372792202566
월평역,대전,01호선,36.358244328886,127.364595288792
갑천역,대전,01호선,36.3547415501051,127.354685760045
유성온천역,대전,01호선,36.3537167933274,127.341423509912
구암역,대전,01호선,36.3566847335431,127.330718571127
현충원역,대전,01호선,36.3590701838083,127.321793090447
월드컵경기장역,대전,01호선,36.3668489025955,127.31783602361
노은역,대전,01호선,36.3741303075454,127.317865643351
지족역,대전,01호선,36.3840929443941,127.319488803267
반석역,대전,01호선,36.3922527537117,127.314506333877